uid,name
pb:013b6da1481b4160a1a6e5d27a80df8d,w2021-03-21-m21
pb:07a7f0a289e24d6dac7839b7ec864bf4,w2020-10-11-m4
pb:0881dff973a949e3a22fff6845768b30,w2020-11-01-m4
pb:0a5a9dcce87e4e508b390d1c7aa93edf,w2021-01-31-m4
pb:0bcaf28192774a0891c340e0e086b905,w2020-10-25-m21
pb:11e12b004dba4446bc326ae424a8c416,w2020-11-29-m4
pb:176e6ec1a4d542d6a22fe3e8cfaac50f,w2021-03-21-m4
pb:185806bd2e7e4f0caf8d33460ad2c62b,w2021-05-02-m4
pb:2ffc42249ea242a399b00763437eea4e,w2020-11-22-m21
pb:33376eb0e3f14caa852f8df298d9ab61,w2020-12-20-m4
pb:33cc8d5e68cd4fa3aa91c39e3c6d6d14,w2021-04-04-m21
pb:3a433ba9ae01473f830c8c269fe92029,w2021-01-31-m21
pb:3c9913b1d28a47cdb99766fa5c27d863,w2020-10-18-m21
pb:47ce7c852cb34f7eba94705c5f213931,w2021-01-24-m21
pb:4880a397240847a9801e5529c5615429,w2021-05-02-m21
pb:544137bf0cad46259c1774aa554b5000,w2021-03-14-m4
pb:5a4ef2bba1aa49ab95d603ac03c6a8c8,w2020-12-13-m4
pb:5c57c48685b042e98c02a7741a11c5e9,w2020-11-01-m21
pb:5d63b1fb18344fb7a9c1ed18a4613a36,w2020-11-15-m21
pb:61a6abe5f8f04cce941bc45cd304daf6,w2021-05-09-m4
pb:6ea489e3761b48eb829b072e832720d1,w2020-10-18-m4
pb:714c1a89c04a47fdba55ba882caad568,w2021-04-25-m4
pb:78399d3059ff43c5be8cfd63e68d9bd7,w2020-12-20-m21
pb:8231682ab1e84ef588b516fe49089726,w2020-12-06-m21
pb:879e912d6e1f47f79e2771912e764a2a,w2020-11-22-m4
pb:8c3ac989ffc7440f9d08d7fdc24619ca,w2020-11-29-m21
pb:90f25203994641d39016e3cc20bc0a37,w2020-12-13-m21
pb:97fbd93bdf6f4ad28800fbe1a84a87d6,w2020-11-15-m4
pb:9cca31dd55b347499aa60349a8c4793b,w2020-10-11-m21
pb:a654116c4b794d3e96d4562ad37fc4e5,w2021-04-25-m21
pb:a67413b2f94a40d095ac97a7e6afcc2f,w2021-04-04-m4
pb:b01f562a231e4b53af5c6b415288d18e,w2021-01-03-m21
pb:b3aa7145d2fa4299800880d2ca9e54d4,w2021-01-17-m4
pb:bbcb690333b44a109272c42532f4e08b,w2020-12-06-m4
pb:bcfbfb3fa92d4604862a0da3da7638e0,w2021-01-17-m21
pb:cac21748a3964e1581d6959395f823dc,w2021-01-24-m4
pb:ed3ea9608ca74bb69f2536898bd31427,w2020-10-25-m4
pb:f08c58f6dce0415b8077905c30d2e664,w2021-01-03-m4
pb:f3ba004856044e53a3692c75eb1cf69b,w2021-03-14-m21
pb:fddd52252d0640518b6894d8296375e8,w2021-05-09-m21
