functions_functions.parent_id,functions_functions.child_id
fn:42a134fc682746d39371bdb45937464a,fn:ad257c4af70941d983f2f71470f85d73
fn:0a59a25ca21f4852b73299aa53955e9d,fn:862035ff747f49b39360cdaaee19f203
fn:0a59a25ca21f4852b73299aa53955e9d,fn:acb0f95c87a04868866826fed4502caa
fn:cda202d55acd4f28b9d63d4e1f0cb528,fn:4eb154fdd5e343f0b0b8529f6c55a087
fn:f22f847c5957477ea7397da6fbef1b3c,fn:4e1c668024e4412bb03d60c112a5cd0d
fn:f22f847c5957477ea7397da6fbef1b3c,fn:86e4cf9ef9e14f0586fcd3760eb3d270
fn:f345c480dc2e444695bf1981feac01ef,fn:862035ff747f49b39360cdaaee19f203
fn:301b37e9c7754d9e9aa8a0a9aff5cf4d,fn:de72411749ce4df68075b41f897ffe9d
fn:558f9d886a0844e089abb06aec528b2f,fn:b4cd2fa12c114a1f9d80fdef67c6480c
fn:d6964454ba9345db9c420cfdacb18d2d,fn:95add3e2d1cd4c3a93691ba075e2009e
fn:bfe1a79509844e0d9d8446a45aafa8e0,fn:3bb5671526064e95993ed11a6ba1dfba
fn:bfe1a79509844e0d9d8446a45aafa8e0,fn:388f49ac37734f78957cfa2bcd461dc2
fn:c1da55c994fe44d2ba5151c5183b0db4,fn:b4cd2fa12c114a1f9d80fdef67c6480c
fn:c1da55c994fe44d2ba5151c5183b0db4,fn:21bf5a9599ee4011b986e9f3cc6135b6
fn:bba648cb998b49a0b86180e1a90ef04c,fn:8dc867681073474eaffe5e3856e746aa
fn:bba648cb998b49a0b86180e1a90ef04c,fn:1d3d8ef0737f4f3ebb507a1aafeeac43
fn:ccb1c60ce7f4434184a27f77c42de69d,fn:335a3d83b07f4284b2c3e64494f42495
fn:028d058e738d45cb9e9ad8920313667b,fn:2a9c7a76d354410abc3875c636380806
fn:028d058e738d45cb9e9ad8920313667b,fn:19bbc1acb7d54a9d8b4920b790593274
fn:3985b453a87746f0be520570d835d87e,fn:8dc867681073474eaffe5e3856e746aa
fn:58818d08ee4a45b1a469e73cdd662dc3,fn:53f9cc78ce9249a6b4ec195790bc12c4
fn:f40e0e975daf40fea4b652eebb6ef30b,fn:93edb868fc38437684c8a780136da752
fn:f40e0e975daf40fea4b652eebb6ef30b,fn:867e1b7c4a0d4e03b1fe2d57fadc3922
fn:237f14ecf30f4492b5c10fe968824266,fn:abcdb3152d7f4976966989ebcb69307b
fn:1c51d3bec7934c07b1867d57860551b8,fn:d13c01577ebe4d2bb04c5920cba56839
fn:1df11277c9464b6d88de05cd8adc83bc,fn:1f78a582f290404095335527a17f9d10
fn:eddb70c7533844f8be2ac38fa4273b30,fn:d13c01577ebe4d2bb04c5920cba56839
fn:eddb70c7533844f8be2ac38fa4273b30,fn:4e5e206787d84a1d8f70025e23328442
fn:5152fddc85f64741a21edb3b91f3d0b4,fn:91b8324444704fb1ae0bc3dd1734b15e
fn:da67d8045cfa4ae5bd20094276e2c03d,fn:26acda06f0114f18ae8a5ea4fb68824d
fn:da67d8045cfa4ae5bd20094276e2c03d,fn:13cd8647f2314a829174660f2dd698b2
fn:a326e258a74f4bdda19ce39398d1376e,fn:06b27612ed774322917014a4f3443e24
fn:3ff22484f8ce43be958b9b5728ca8c32,fn:be1c85f8c5bc4de083e019f8845c5709
fn:3ff22484f8ce43be958b9b5728ca8c32,fn:cfa614595ca44c32abe7899aecdedeb7
fn:3f57f39cad20443890d6f32ba90b7ced,fn:26acda06f0114f18ae8a5ea4fb68824d
fn:91024727e1ee4cc6a70eddfb9eac6be1,fn:d355b1826ea040bc8906196aac862a7f
fn:91024727e1ee4cc6a70eddfb9eac6be1,fn:dd6ea25109f24068b4456c6d449fa3a4
fn:64e6532ca5ca42c7bb88fb899ae190f5,fn:f0c601513c104ce197540955d2c2de47
fn:9e7e2c01d4ae4596a53d9181c54f8586,fn:f04bae0d1fb24bb6af554c48432af1ff
fn:9e7e2c01d4ae4596a53d9181c54f8586,fn:f0023237114c47f9a362488244b5dd44
fn:82c79d72f75d465da97999d1629baaf4,fn:f04bae0d1fb24bb6af554c48432af1ff
fn:34f5930418014b80883e580aab4cdbe6,fn:502d03471c99403e8856e5a84658eb23
fn:4e8e5cf864124b869fb8403c1c5ca71b,fn:ec5a4c9c7fdc4418a90e0ca965cb64ff
fn:4e8e5cf864124b869fb8403c1c5ca71b,fn:961bddb64673487ab9e3eff95bfdc0c4
fn:bfd74a5271ec4bacbee23851f3a1bf48,fn:d0985013a9124bd98634cf523c03702a
fn:bfd74a5271ec4bacbee23851f3a1bf48,fn:9d71ae73a14746e09b5aafc1351d02bb
fn:969702b45d6a46f7bd78b5d5f616e1e4,fn:5767b198662a42c08379e4d2b77c4ad4
fn:1308e9e2309f4ea8a88be980cddab3cb,fn:dc06318702e8458b802035a3379a7acd
fn:43f24f5681604107a55ce4acfebb854c,fn:ec5a4c9c7fdc4418a90e0ca965cb64ff
fn:e32159e054034c96a21bb213cec3f7a0,fn:81f97c628f714325a7dc2c25d031658b
fn:e32159e054034c96a21bb213cec3f7a0,fn:d685235bd2984d06bcb25313024a4f68
fn:74bb0ee786634b7eb205cc0651cf0c23,fn:b9f4812beac6468ea91944c382a92c83
fn:d27246ea47864a9cadffd09e4fd3c623,fn:d53a10eed55043bf91d08da125cde215
fn:9318807c9f6841ec84271466baca9532,fn:86bb604a06834111b76904e06a7f2cc2
fn:9318807c9f6841ec84271466baca9532,fn:3ab16e4c3c074f11a7666379269f68a0
fn:bc2081e3636e4e12a0334b84011919f6,fn:86bb604a06834111b76904e06a7f2cc2
fn:e502f90fa2c44fbd8da9d877f00b3668,fn:1753da75cbd440d5827826f610886290
fn:e502f90fa2c44fbd8da9d877f00b3668,fn:ec2397bd2f7744b28461fee3c51b542a
fn:700f063717db4eb9b4b8c2031b420ffd,fn:30e43e54ec7d48f5b9cb9a9ae1f42acd
fn:2e25ec82837c45e7b77647199710cd07,fn:2cb5d5c8f056477580c859d30b5b0695
fn:25007b7912d5412fad3418393e282571,fn:a823652ead464ecb88a81c07a296a438
fn:78bcc3c2df30472f9640ca90d7240dc6,fn:a823652ead464ecb88a81c07a296a438
fn:78bcc3c2df30472f9640ca90d7240dc6,fn:b61164bc20ba4ba092b4b777d2c7eb17
fn:804d88e94e48419eb43eae12122c11f5,fn:a581a4b1eee24ab688c802a9faaef031
fn:804d88e94e48419eb43eae12122c11f5,fn:107741426e0649e5bcfbcf38b71f156f
fn:35613c0a3569435eae9bd02ee4690c2a,fn:01ac6915a8fa47bab5ddf094786b6d17
fn:f457cfbf2a724c75aa67627acc520848,fn:a581a4b1eee24ab688c802a9faaef031
fn:3390564124f5420b80830dc8bee2261e,fn:b3cfbf0466154e5fa243f81b0c42f12f
fn:3390564124f5420b80830dc8bee2261e,fn:17d643386653417a8619bb5342eb967e
fn:d8c62399dca7494aa82ffe11c302d710,fn:c1e80223f00d4467bfd119b8f3744b9d
