production_competencies.uid,production_competencies.quality
comp:787607db21dd46f3975ca7261aa48116,
comp:b9f3b4aca01c43f3afad79395ed5c5eb,
comp:a5aa4a26816b41998cf2aa785d7b7644,
comp:be29c34963dd42a69b9b2eed731e3f00,
comp:ba40d8db320449e2882e59ccbb5a674d,
comp:3ba48630fed040748a69070a7717c7a1,
comp:3a3c2ad0c8b549ae8587cf3ebc8fd591,
comp:05c2d96591494f4abeb3e774cb4bef43,
comp:4cbbbb731a1847649ec2deca549176d5,
comp:1ddf25b21d9f4fbbaaaaf57e77de8073,
comp:25c019d5dbc74341bea01cc9c3748107,
comp:82c6adecd96748e28e45147e12e38a44,
comp:ac2a444b45524efaa25134fe07e9c627,
comp:72649f70e15f4799845e5ff454318557,
comp:cc90d190f91a478193ce313193b6b661,
comp:3dd3a0a7fc6c4d4faa86a78b95586db2,
comp:0088b30e8b884c75ab3a561ae99481ce,
comp:f5dd6bbb634540c3b6bc33dfa7aeb772,
comp:a6fa7c907f5e4d2d91cabbf49877706b,
comp:abe17da552354a7db10984d89ae40636,
comp:98d6488bdd55486ebdd384d5c938c605,
comp:6706b00b0ece4af6af4c5a61c69ba0c8,
comp:2448c80100d443cd8ddf97ac9b0c96a2,
comp:d59c75b498de4851b9dc79fe188b3d1d,
comp:ccd91bca96694a3ea4ab2acad57f57e6,
comp:3c24c80d1a0347c8a647f15f94287db5,
comp:85a801502e2a4ddd8d407962afc43b4b,
comp:1ccf58a571d24b6890b95f653af6084d,
comp:18fd6f340927404699611f5952dc24ee,
comp:9a1ecdf6843f47bbb550b0517052233d,
comp:da16e777f8cc490a82cbb19e29c0a84d,
comp:30e2ee7d531241d59d087ffa6cdb07e1,
comp:76a9dd54c38742f0bfad79f48f66c742,
comp:d4048bb58d78488b95ef2eb564621442,
comp:f1e20512982f47698f6126eae3519b53,
comp:12c2c851a1de47df8b0fe1283c0fc774,
comp:30fe38aa636145debceaa27ad7e1a4be,
comp:10d93f9b6a204e98862c0b2c2d96dc8e,
comp:e7c23bf8c4c84064acc29b61b9f5cc3d,
comp:6d4de31a269b4448a1770d4fca440c10,
comp:e98b4924981d47ef81c20a24f56f43bd,
comp:0396968aab13430b8cd1b9d18e2ca98b,
comp:1fb17305564d440bac975adab88741a4,
comp:f3846509e93447c5af0af86407d55b88,
comp:721c9ad1330f42f69e2f3524d8906be6,
comp:fec323e0c27f44d4930d46748a649118,
comp:46702e0321924b6b8dad624d6436c991,
comp:b6ac4e1d896e42a5b621acb901795e02,
comp:cbc154b7865b4f5fafbcd7b83f2a7b96,
comp:437a562bec8f49f1bcb8f93b46521d60,
comp:75ef4494b298404f90e351d7fe5b58cc,
comp:1c0167ebcda448a592fe1259a920be0c,
comp:ab4eeeb2eb6745ceaf43f50ebecd34de,
comp:8afbe03edc12430f98e195197488c341,
comp:0b6e7e1ce96f4fecbf7308f350598b02,
comp:6374744aa20b4b4a990da1fba901207f,
comp:25516d57b278442daae98c7c7fc5618c,
comp:00343f06c5a5429bafa9ce2ec26f3e58,
comp:943b1b3a48604c50bab7e91cbba750f9,
comp:ee23a4e0beb745df9d924ca1010910d2,
comp:8d53ea28496f42239b52a0c72cb12ff5,
comp:9b0f7f3fcbbb4d4389ea82b8ed1b7295,
comp:3b1e6b62c3524e7bb3057b2ebebeeed4,
comp:2a8a79fc4bbe45d7ac27380dd46bb176,
comp:0bd1e6a73eae4314b806a1c997d87130,
comp:d52079008dd6425eb58689271a145a5a,
comp:8c8c8e0299ee4f61a7817945473fea2c,
comp:a8a8f22ac6054b69bba87569821c2965,
comp:c99a3dc3635e4ffab61b1b7547bebebf,
comp:b06a35f5bb9645b798caec3fc24e4283,
comp:0712e15164f34a04ade371c0bde028d3,
comp:c8f8ba428d644bffb37c4a717f480d81,
comp:3268d6e2f3dd40379179f75ffe7517ec,
comp:40a03c92e6884165a77c2b5bf9876ee5,
comp:f9469daae0a54bcfb916ad9688b49e2d,
comp:f46075acac60415ab9036a25a187546f,
comp:7f9fb306919c4d178b7545d338277a2e,
comp:3401334906af48979d99574857d0571e,
comp:266386e55a5644e1ac56d07f8408e814,
comp:9c0907c580434dfe88a2fb70bfeb5b99,
comp:c8c7a9f366e1420bac5b0a558c26a094,
comp:136edd9226944ae48375e6e4c3ad34f5,
comp:f0942200e928473999f8c1c724c2455a,
comp:dc52581b180c426d92d66f7a5c569bb8,
comp:e6d13c3e8eb84c29b70e01836f897023,
comp:dd22572e26ac4c6cbb991569aed049a1,
comp:49c8837dfb5c42ac99e8fa72c8f62415,
comp:b4348849b5b64480972e073fbdca87ef,
comp:4acf90aab4e541a78974f487595e4e83,
comp:06f3e84a92f04ba49ce9ffd126454ca6,
comp:5a468dffe7594c1c8d63f3af84c0dff5,
comp:bfebaa58978d4766aff4143de21de787,
comp:d855e2f83ca8442591c32cf3005325f9,
comp:5cd76c545cd8439e87af3e75f1e909f5,
comp:fc30483e96c344428383c0ef1bb8b358,
comp:a865e1c1bdf14fec87a36efd38199ae8,
comp:85ba8bb63ecd4681bec5fc568baa5264,
comp:c3025680ebdb4a46b6195199a21b3f86,
comp:77b4e1a1374a4e5c9379493dccbf6331,
comp:f8e69b3180c04967899db1c21806e5e1,
comp:d73471c3a57a43e4a9247cd36280e119,
comp:91fc88bc184544bd82cc25ef3ff19431,
comp:c03d3f4252214763a10a996fba100c45,
comp:c38104d91fc7402889d5a739ba2ec9aa,
comp:5dc3ea196fb640fb879e79c346c58605,
comp:17d56633d25245a9ab34326b0f9b4811,
comp:5817085486da4846ac3d3cc731f5050b,
comp:75cdeef218cb4826b668c1c441626e67,
comp:ca340d7dcee14448bf61d159b7374a25,
comp:23ac837d4ea14be89c73d2cba93edb17,
comp:bf7cc3cda8a8410c8a0b9f6f6e39bb01,
comp:c324fd248df04af5a8dddc746c916f01,
comp:1a6a91bc207244c88b0802802356b3fc,
comp:6907d82317d04a05984c563a40c54fcb,
comp:52e0c9992ea04aecac74ea99fada52ea,
comp:5689e7498b9249d3bcd769467408d11d,
comp:044b18cad72842d4b32ffd81696d8041,
comp:6cfeb60df79842aca5a4728bffe11ab3,
comp:71f9f3d0df5240709d390e229faacb4b,
comp:96919a612e8648a893dd3961f3bef517,
comp:97e790ba09364e1a9b6ba3e8de003a46,
comp:41bcc8015a3840e19afe6d6361279490,
comp:57005291fb5d4ea6a20e89ef04c20dc0,
comp:a86cda4fc3944753a4885937112730ab,
comp:5b70a3c2dc034201b9fdf759bec8c01e,
comp:e0bcfadae9714b0ab2007d9138e8086d,
comp:01c3d872621b426981f8b2b13b6da33f,
comp:53e56467573c4c6fb59cfd494bd1a4bb,
comp:539209e8805847689eccf79ef846ed44,
comp:00bf44163aaa4425a884196292b14897,
comp:83e9e71805d846ed9d90ad9f5bba5a20,
comp:8e1b6b884ebd40a09cc2fd0e786776f2,
comp:12a9bd3950bb430fae0e75f1971449a8,
comp:8a14b6accfe847839e4d89726de9346f,
comp:ed24e66bda484bf6957805c6e76520b0,
comp:7ffdf93cb00f4299852b8dda793705cb,
comp:027d1ba1f39541168eea2a51a65ffe7a,
comp:7c77a033e50f43359a46cea7c0af88fa,
comp:675792639c6f4de09e529927177ce6b5,
comp:800c2833943f4964a55a981aed006f53,
comp:06249ea387ae4994af028788e052a27e,
comp:09dda416189b40749a78b7d2e8a0f1ed,
comp:39f52d882d4a42d1ae7f7be04556ad2a,
comp:751d074fb7b649d7a7f9f1f82caa3551,
comp:b97db42146e842598c00cbbc3099ae6a,
comp:c677dfad5a894fa68013a2f23cb7dc79,
comp:b41a6ddfd3f34d3fbb38394a14e611ce,
comp:ca83b612c6ac4776b52125b3a252af89,
comp:0eaf6a4b92bd4b2faa01c16e2c4686bf,
comp:06382827253b4fcc82d2b797bd1b4e25,
