uid,quality
comp:cff798c084424e36aed2bcf0ee45c281,
comp:56c9eb024f29421a8fce5d5b04664408,
comp:af9e4aff36f141f985b205c1b4875a69,
comp:59375f5317ad431891b7f65380511edf,
comp:dd0372acd3a64e42b6828d270e66556c,
comp:682c5fbac4be4b1f8fb69f3f81cca41f,
comp:addf56dcc237459ea00bf4d7390f2be2,
comp:e2cd86e96d9d439cb8756ef5e0021c9a,
comp:848adde5c2594efdb0e7327953af0bb9,
comp:93e0da75b545437db934fd57f10b6d19,
comp:1d9e40bad59c46aaa93e71003a6788e9,
comp:eeb97e25182742cc9740e4f3071f6692,
comp:88d7d286c8754f6a9bfcdc2bcabaec0e,
comp:32bf48df8e50446da43b38bdcd65b592,
comp:8f1f9eff2c9147e580a2037c22f20919,
comp:de5fb1b78a034359a9c7eee875032833,
comp:bb6c25be37ef4a98b485b9f53988df13,
comp:1342d930f9a946359afb4ecf89120d6d,
comp:ac9afd52921a4369b832df21ec7c5c4d,
comp:c5267941121d441c9ac1ff49afe8d6df,
comp:5242ff33168848b9a35f96d8dcba4aa9,
comp:2c273ac9a12d4bc28f22c645c69c0578,
comp:dd3249bb9fea428d866e3f951159c37f,
comp:ab4cbb6c98b842789ec90cbf7d2e9ece,
comp:0d67b8db0bdf4ecfb6b404627555633a,
comp:f01d652161d44c1a962c843294861928,
comp:57c4b080cbb441d399903e9a8dbaa7a7,
comp:77025c52f87e43b4aeb3b1be76734918,
comp:359045756ca6475f913d9e17212074a5,
comp:53aaeb6d659c49bb922badf2394fbf41,
comp:32d006dc63b644d0a253a86922a35c45,
comp:b04af58f1f6641318c63214ed680f099,
comp:6439b4a8f51941d39cce422c08ccf212,
comp:d4cac4d259be4451838e106737f1b154,
comp:4c6a3296068943ca8fa98dc70d027132,
comp:84cfebc7fa574e09be41a2c4ffd18dc5,
comp:52e2ab4a26b7463e99001d1934b33870,
comp:2b4dd34c610e4dc6a35a4fef7df4eb0a,
comp:e74c603ea6e247b0bcd246f9532f73ea,
comp:ca91d9b118ab410b9c709d1889c17926,
comp:6f4314c5869f4010805ffca01f5ce5d7,
comp:3ecb02809e214e1488b8d47134240695,
comp:87d985d713c64ccab817b5a622caad39,
comp:a3a8983d2d074d09b35a693840866a8b,
comp:d505ff9da07c469181298d64afc57d5e,
comp:76a6cd81be8746e5a973d7e8929786de,
comp:40fcc1e9d8cd4bbabcfde18d53303bdf,
comp:7073d205cbbb449cbe355b9befa06804,
comp:da76e29448cf4d029dbfb4a44f1a7ec9,
comp:f4e13d00bda749acab2a34bf79171e51,
