routings.uid,routings.order_id
ro:6c0603af1997422b91b09a0421b8dc3a,mo:f3b1c451a57e402f84409535b75d924e
ro:6fefed6047fa4f42998601b1a6af8de2,mo:aa40fcf7485946e4bd0480bf164ddf32
ro:ea503b5111074a209fab56a5e327fd03,mo:9a95c1de519142459f179232acbfd82f
ro:d1d1db07d3344884976aaa04db7d2b04,mo:1316cf80699b4edba387105ef9ec40a5
ro:5bc9d0cb44cb41bab9d71a18beb19d1e,mo:d820e2c63ccf479b9dae9a22899b7e22
ro:448c009aa1e1409d9ba10864d437ac51,mo:965bc3e5d28b42f9bf32cae76ead72b9
ro:87af70efe05a4252a69f1d525be17e47,mo:73eb0379d027465f9e0636b5f8400eba
ro:09f2183c53f743c7b5cf288ca6e4509d,mo:d7b9ac23701e480893d47ddd68c6da88
ro:6ed22533be1548f9875c938e62f1d1a0,mo:51b3cecb8aea4ee09813d1f0490981d2
ro:c8a1c820a8ac41eb93e27011d38a456f,mo:d49c46354f0a4ae791d1a20db64f8af5
ro:03c5f6be87d847f3a9a8cf33c60559db,mo:7590645519ce479db9149d327fbae57e
ro:413d6c98a9844bbba673d399c23654ca,mo:1fe452808ce14d2e8d16fe8e1a218fa6
ro:63c3fb603e204a259f71eb856782514b,mo:8d99121e3f1749df8f55cf1a2631e8b6
ro:4ad774cca22c46a588ffffd824774841,mo:87d967e0d50c40ce8218aa72b7de0bbc
ro:025c7bbfe16845e391ddc0f29d132b7a,mo:56abae457e3d47fab6824922394d050a
ro:5b2d839ef14148c6b8e76e233ba0ec10,mo:978d0cc856b94546a8fcaedd721db777
ro:62728fa2bfa645079eb36ca4b87dd8db,mo:4e743761ef8543309176a4541a15cadf
ro:6654b780835f4651ac9d6f9bfcfe5ff2,mo:dc1fe746be5b4db9bb863bc86d063b9f
ro:477d2944a9c24782911ba4d452f2e3b8,mo:762726048e34402ab333319deceafcdb
ro:6551b0bbcd01439caaf018f596b0e169,mo:db425643b01942af94c95154c2b4264f
ro:99c3bca02e72465690fa7a2bfb420e82,mo:392f7cb56c26461985e5dfc6d77797d4
ro:82a301ccf82e419ea7f136c3a31883ef,mo:e86f235ffe094f44a6a339708b10ed99
ro:f59781b3e3be480d9cabc8f668bc6fe1,mo:88d8d97f52054ae6b085a926312e51ae
ro:c74fb30846844adeb1f47b524ec1f705,mo:4e61494f7de341dc8a29ed0b58a690a3
ro:50478530fb6d45639bbd7cde2b976260,mo:cf4cfae5f8084f7c83613527dcbf3be8
ro:c351b7dfd26546c7a67b8a3a841e45e5,mo:718e5d0d3be14baa8ed56ddfd6cb8499
ro:db293e70b3be4f28827f085975cbf8ff,mo:63b4f6ab248e4e82b54aeca2e90ee447
ro:b437ee390b9a4cf491c174976f1cc2d2,mo:856917d513194361a455313277102c49
ro:374c9d24ef4a4781b4bb1e66a8cffe50,mo:136bfd2caee744d28fd37658db364ebd
ro:b59ab8a3bf4d4f26967368b129db46b1,mo:db1d625aaa8e478f90c4f34230f8c5af
ro:95216b55562b406fbca30d7f9e07d750,mo:c9b275e9a2994fe79871dfddc6cebe02
ro:2b5c081f9e444d2783b548cded3df29d,mo:f881c5a4ee0f44e5b1390bce82ef441d
ro:c824858d1f0f493aacc99f20ff12c7ce,mo:8ca6c01abf5f45e883eeb66524073ce9
ro:48de4fdc9ccc4e0f932dc71a51440fce,mo:c2031202bae348f7b8765fd0af54fdff
ro:623b7c2b633945dc835f8ed79660181b,mo:a39a6a6130af4ff1b2ed7d923fb7ca45
ro:405d756613604fc99e18a3eb2abbef23,mo:3499526199db4cf884f8f3e61b634553
ro:69b435373ba046309b70366faa12eabc,mo:6c16a942a8db4e60b9248b5ac42e4203
ro:19da9bf85c79414e8e6054ff77772479,mo:05e897007bd947988cc40833c4ab55ce
ro:31a14393215d43b6a7dee5583a793ba8,mo:44ede3812cbb43b4b6ea781e1a4292be
ro:dbf5288b8fc74ba784466cde7f6ec36c,mo:d778d42e74df4690b1fd3bfc94b290b3
ro:b19dc94338074fbeba036e76fdeeb65b,mo:d3e23f8d496b4b368dfa398545ccea59
ro:00d9b0d90c0d450a9193308803eb75c2,mo:001284fabac2490695887c1793d429d1
ro:ce1b0d2f6ed24498be914c559f3c56b3,mo:ca7f9a486469493fa93c00861ed64036
ro:efe94eedc5664b3ba815e6da65942e16,mo:c2b3f2b972124cb79b938e9617ea21ab
ro:7132012490a94fa1969f2105777ee82c,mo:995fc4f1fa234a799dcd7cf1de48bd3c
ro:7a7d8717a87043119c6002bdc9b2dfcd,mo:d0251e4a327944f58a94a215f0b691c1
ro:186056747cdd48f88f25bf4a042773e1,mo:cb6deeb5cb5d46aaa6f7c5cced988c60
ro:10e702ff4dbd44cb8e384263183e7b0d,mo:b6fd9f13b53a4280ab33fa513776c936
ro:048d4238c44945a08f778402fdccf73e,mo:f17e0baa4105447a83bd8bd56f5c1187
ro:d3aa766c0a12467893a4ba735ce224fc,mo:d2795148aac647b89f1e3e8be7d8c9ba
ro:0fa502d6ffc24edc8e7100b6c2f51de6,mo:ef1b9fc4ccbf44808bfd40e94269f14f
ro:be5a22a40ebf432abce6ec198c65fa40,mo:5ee576e4bcd84bceace84818e4b07b30
ro:d82315a69bfa4e05b58f41c389d7747b,mo:fae7b8fca35f4280abdbb44275f7127c
ro:cdaff3beedf245c98c1d59a40a43dead,mo:8b316c09d9fc4f1f8a956d47c37f7751
ro:822b74f592534897b9cfa3b02fc62545,mo:2634cd40e23a495aa94ab9cb50011834
ro:bc1791c0eaeb40819a60b3b2b9b3573f,mo:e22761540cb74ea2a6d9f91fa314b635
ro:4726e5721c574c1295b09c1df6656649,mo:bad1f39a4e64463898256e07066f66a7
ro:d5b36af6173c4355b91689c5eadf85f1,mo:c9b8fc6e6ec142cca42428e40cee4fde
ro:15bc4af5e9444722972519aa974b2ed5,mo:f528bc2ea02e408d8a06831d0b793b31
ro:a39d3e1e6d744310bc9fb48ecae2c5fa,mo:21dab73ccae147b191dbd873ad497539
ro:630cb0dbd80c4c6b85562373dbca3f32,mo:e1b720146633483c87d530324f0ab99e
ro:bc468b1f19dc4a06990de9e8992ef5f4,mo:140969e85fc248db9e22e82eb6558117
ro:62dea14acc9f42d3adc27a0dd8b80fde,mo:784d86f677bd47cea930cdde3d32ca17
ro:c30bc6b4f3e84f019d72e5aeaa4dc616,mo:fb240ad0021d430abb1d285cc7d31b1e
ro:4ff6f913c00547bd856f891e741f8910,mo:260a1cac9f464b0abe6406eee23641ca
ro:0d5ff13dd0ea49e9aba444a9c05ed721,mo:3f0f2e113ca64f55a20b2a6ab2e0d249
ro:fa984a7f80f1461984ce4e040d02aa46,mo:3f7f4510d4e0420691c7a324e1094867
ro:c26a78e8b90a4437aabc21698e665541,mo:79e740ddb2e445a284ae08c22538e951
ro:60bd9ee9cfb84b7d9a749a8a294f6511,mo:6d76b77ed2a9480892682636f1a92500
ro:688b642544a04893bba75d4f664fd5c7,mo:2502d24bc7e54ff895c0f5bc7f78940d
ro:1971a995b9d748b0b9cdd99e7cc5b91a,mo:cd087400659548bab6e10b65e3632e78
ro:1fce96e86b8c4f2b917b8a398e08f324,mo:40e1999857114dffa47224d80314327f
ro:c3b5aa1ba410441da49811db3fc020ac,mo:4c0850ee367d4769834bf2f0b60208e8
ro:68f51c6ffb2043d8848cd80c30733f0d,mo:7e224c305f0943b4895a7ec3bf01ff0f
ro:a1483498b73447cb9109edb5ce83bf0a,mo:b814dd50944a4253967e3d1ef4ad09b4
ro:bc57ee52b85a4b2ebfa31823b6b7e44c,mo:b2abeaa135cd4aca821ccb0a621c779b
ro:fe8acb13c6ce4d0dbb65598e3cb6f7f5,mo:0557f64e263f40cfb72aa72ba7b45b39
ro:14ef3006b0b14a18bf4109a5d961cca9,mo:8304f8bb2bae46f6aa86553ed6ec3a0f
ro:7ade92ee0ec941c4844278a05866bccd,mo:0ebc2d7876194b55993a4c08e14c937a
ro:abf98f7537e7471d888749941636de9d,mo:457f3470a085469da8217400f226989a
ro:8dd5c2865b8d4a249bf3d184b14496cf,mo:3b58ae86cc5d43c3aaf26a8376ea3dda
ro:739bb13565824fd282969594475c8bad,mo:b8f22b2e8d1b49e6a577733c60ae28a8
ro:aafce110169e4ee0975cfce02dd41604,mo:3ddec6e03cbc48e6a17e849e72ac9546
ro:9ec51ea5043e47a18c81046f3b69ffb4,mo:638c292ec0fa4bdd9d171eae8e5ffc94
ro:c45a9b7cb2794d6196a94245221d34bd,mo:c549cccfd1cb4393baccd0bcfbc5abe1
ro:ab9cd41993a043e2b09ab15bc82254be,mo:4a2e092a58c449eb8e8fe4861dc1c2e6
ro:326b97a7efe14c1ea05bee8c4d8e9c7f,mo:b25415f3d0f94af28467af6f183612c3
ro:e90ee007eb1a47dd87ea9f4aa187c363,mo:01aad12577f6454aa5d77f0c72251cc1
ro:1410c0cb179047b3951f3bdebc7f90c5,mo:810308bb9c7f47af88f9004b2f923a1b
ro:acb935aa20fe4e4da8436986358dd1f5,mo:af5f9af778864ecbade6d16324b19677
ro:b18d4fa6773f43d4ac14a3bb23e72d29,mo:09376c4ad02e47389061346fe1adeba6
ro:c9fe528eea814e55bd6b5b81670b2c32,mo:b0b8857a22ee4aadaaa431a38666e035
ro:bece6b4aba3e4b9fbad85ab1a10e8f61,mo:5b1e147f95664247907f27deac593ab9
ro:06d6b287069e4293b5e5fab0283c8350,mo:b01f58021fde4f9e91e926bbee41c008
ro:c17ad11bcba043e7905cf96bf46bde07,mo:8ed4a1f985c54286a3da0ffb707a513c
ro:fd8dd2f4d35d4e48bbaa2bcb7eeb3bf0,mo:ed7393c01d674fe7ad686e172a2ed2b4
ro:067ea05209a74edda72503906110ac33,mo:0db9cdc2f5f1489c9ed36910542ec1ba
ro:3fe943dc91e240c585b13c56d605a01b,mo:fef08065e1a64bc1b3628252814fc2f0
ro:c9e7e629c3ea4f9f9df7c216e4a7280d,mo:fc2c0b2d24b84dc59db259baebbb4038
ro:e8db5fa095244adf90f8eff80dd5fbfc,mo:502768c0905a4cf1af0ab94e7e5992e6
ro:67c3839acb624ed09ba2ed3cc0fbe68b,mo:a6e438539ee7401ca1f65987782654e6
ro:fc60f9cb958f46a088c8d085a1c92071,mo:79c142d857034acb9634677c969fd7c1
ro:be5968abdf734ac2ae19357322938401,mo:692bb306d6b24328ab6ad88f200843b8
ro:fc686d27251e422cb9c47e87eb1f5223,mo:44f689747fb34d17ae9cc6091d0341a7
ro:d6b6bcff8fde40719cfbc9f5e4c122b5,mo:f27be968dc4441c9a53c88190de1ae9c
ro:a0f13788316f452eb3b428dd19294f36,mo:9bacf42d251e466788d8e4b9464b873b
ro:c9861196a4344beb99b996462213cc87,mo:46486f7d45f64407949167dea3ff3a4f
ro:59367af59cd64207ab8a479c58bf6b80,mo:2274fe72617742fcbba3293a5ae39e5a
ro:ba105160f7a34e97a913e4deeace0207,mo:35d8efcb784849eba4658f1eb1a76dd0
ro:641642aa72344c82af746bb67e9d8ae0,mo:4424a5d443b742e7a3fdfd61a893d2d2
ro:b06a5b9b034a46f48839ff1d4dd55310,mo:a177754a42674a95971e1b64d1cf1521
ro:af07c44908a34c0187f5ece0b4351c34,mo:bdd766db2cc34842a188b53cb3288416
ro:7417921ce72c4473be9f937fe57faf52,mo:f4b297592ac14395b510ad23adaa352d
ro:2159e2f9833e4bbe8dd0867bfd0bd869,mo:ce88fcf793b34be3a4ab0ad15fe3049f
ro:9110000806534d128685e67461accaf8,mo:5ef42344c04f45f6bd80576f19770e65
ro:c3b0e6970d754085bb007da7e85381c7,mo:b474e652ae1349eba83a76e76aa55219
ro:d5f8a92d25824a35a7db79ccf15d5047,mo:62a487e703854912b517f19f722fd973
ro:dfbc817a231b4e9e9cc8f8241be21ee6,mo:4a89e0755761461abf0258faba459580
ro:41349cffa5cd4283a53f5658e89506e6,mo:1ced2a95536a41cea0d9dc5f42afceca
ro:00d8eb8936b241d4b7e923d2781b7dd1,mo:199374c4305140bfa3c270280836026a
ro:7162c1f1b5224e6eba3eed4e06ba36c8,mo:8032512e16c34b7fb1251699d41e1800
ro:d8b82b4e03384fc2b036312bfbd298ee,mo:37cd33c4369046118bcaeabd2fc75bf9
ro:8c16a4ac5744488fb560230b6ce6a53d,mo:4e68398273314ed2b1ff8e6e06b6562e
ro:8adf54485e5b4b93981b31d79a534c85,mo:eb32c208970648ab926b1bccc521cbac
ro:19ada784bd1045ce8560f7e7f1ef8477,mo:d9667e042b61463fbcaeb2d293a4b533
ro:36bf67223a4c4278b49f9956c20452fb,mo:8f545bf23c1d469bb7227ab4cb3cdb92
ro:6ccff4cccf294a949fbd57eaa3fb18cf,mo:1e93a96cf0f54ecca3b5f6188722cfa2
ro:496edd5eb02143fc96c1246e927f2911,mo:a8cf292a251843d1b233132ac7b6e6e2
ro:461ffe7549794e1093b0f61e050b1d16,mo:cf7eccd4524248a9b64253e5af9ba9f7
ro:daec41858e634cf8a38306482451f43c,mo:a512f641d8a24708888bfaf67b064731
ro:4ab0204769a34be3839e6c64a9c24d1a,mo:2a9132e0b1574c31ab0952008eb5f8eb
ro:c5f584a3cfba4a1ab8a9b016c3ec7204,mo:279456b659824f5bba7e6e7823f234d3
ro:06de3f890c6f45b38320fdeaab7ce38c,mo:988051c9ae0641858dffd94011745fa2
ro:8e943424e3724f4897a1172880b9e344,mo:f9e302ad0f604cf0ab71bce1dac05b8b
ro:1badb86c3355488b896d91d5035838dc,mo:d752489f28304cd4979ebf91ffc1ad3d
ro:305e5cbc0c7045429a15ce2fad7e7610,mo:5dd1c74f87544bb1b2063673ff221101
ro:c49bb62558244372a742f076d1620364,mo:ee5ce9e746f24c22bb2b3f99276c03a0
ro:54f4c3f7698f491a86c587b9333ad854,mo:522c93eb3cbe4d2694a7abd959481fef
ro:ec1cefc835ea4ea389884a0e1ad29acc,mo:0c582cd0139142c59d5bfd2c61b30452
ro:2ad7892d7b7a456a87d112aca116d73d,mo:d167c469ba304c2b9c2c2ef53522b32c
ro:96b84e46b8774fa9a67855a1336a3680,mo:a54799233da3427ba19820813208ec93
ro:b2a487ca49a043b69b0919c76774a5cd,mo:80ed9aa30a5142aaad41cbef79cf99cc
ro:b25cdb9b9eff43a4b817922a67ce8f9f,mo:b4ce0aa3839a4da7ae59b8684ca85ffd
ro:ba8ebbf621dc458b84afad49fbc6d5dd,mo:9e6d5da5cc49459c82f7740accbc0c26
ro:b5175480e3d94aa28859df743b98c370,mo:006fb3c48bab4c06aa5d282e477e27c5
ro:ba591e7ab25b46a4bfee962e53692764,mo:7bd1bb6257bc4b4aa027045119d92f5d
ro:e6463fc5d0664d6a859237e7c7191825,mo:8fc6c6cda8074d99bee8b907f398194d
ro:d0f0bd8b42f74bd380ce1a3f9b34ce46,mo:178761d6f5b445c58e5963adea6d2d1c
ro:e647a5e718724f9cac91df01c84502fb,mo:64d3e27ce97944be893ead9588f6bf89
ro:0421933a6ff04e8a80de6621541f43be,mo:a303b32587884a08935bed557fb39808
ro:0f1e5af83186468ba2e5c0ff59cee28b,mo:02c516c0c848451fafaf2a6915645e7a
ro:b4f5a5e32eaf4b56827567bb71167b4e,mo:21da0d5056f445e5ab0fa989014dac99
ro:5426869be0ae40928723111efc8f5864,mo:8fa284917f0649bea3f0dd9c79599f8d
ro:8ffb44a168f74786b2dffcd5c043714f,mo:46f852c5654145419c6af56f2e778956
ro:9a78a9c51df9416395ab836fc673f244,mo:d53d95f1f50847ca9e821e547ecc4ee6
ro:0d0f2f7e0cef4d73ac62fa845cd40cbb,mo:13a48dba8e6144da97b0cc041506bab9
ro:bf7e5ca2865648feba0f7e9bdc0afad0,mo:d926bc15541547e696689bfb848c305b
ro:88c2b2e6d8654328a03e19692d7bc822,mo:dfbe4709da89440fa989b41c0fc87f03
ro:90686b70fb9f4b3893f61b81b652fb08,mo:226742ded8484f7683ea70faabfbdc73
ro:2f4e8f5dd85e42b593df63aee9b2ff29,mo:c953a8cd641a444e95cad84e1d61aa9b
ro:078f94d939234da59a26c9c9af6c981c,mo:0940dbbdb9fb41cc972b811a1f353294
ro:bd68dbbf6cf24373bef4527d78f012f7,mo:68ea1d6ee7da4313bbed62a6ebc9fbeb
ro:acce5d1d35234ea19aa8b166d015247f,mo:6c7ef28fd5b64a58af913c71215a9c78
ro:3eca738728de478db0850552e9f02ab3,mo:7f86c016610943dc92a86415e83e1404
ro:67c47572ef99430091ea7ac5c4e640a1,mo:c9e99bf4de144e39b5329e2915a30b44
ro:d162565fa14e41dca9c789a61f7fcd7d,mo:cecb47b651d44e07bc2ee7897bec2a78
ro:429b69e4d3a94255bba2d6806352ff89,mo:96564f848ae841c0a28bdb125c5b5139
ro:a8b9286477e3478984ec5f405c8a8f33,mo:fd252a595386457883442d3db77ef805
ro:7b43a48d95d4436aab812943239ffdc8,mo:ec006bb29ad94d0292ab786f6b1000e5
ro:07a2c3cd8e34477ba972781380eea37b,mo:cbdca4ab509042cc811df1830e451921
ro:94534abe639b42da9ceaf346b1350f70,mo:a99f57b9f5894742b6992347cc9cc727
ro:d2a751b9d511497498eddfd4b348a31a,mo:8606ff4eedd247d1b18c871f1fd3284a
ro:7d6538b52a104fb9af81d555560d63f8,mo:9635cb84440947dab26f900093801ae6
ro:cabd8d44599f489194c2e1db766479ab,mo:0e5360307ced4dea8f34ac03c042a10b
ro:abf508d4b0414fbc9045c69db9198282,mo:85fdfa3761b44b148d5b958cb9005d45
ro:e6a369d65b734d9e8724fcee0ab7b278,mo:8adb2424f57e46ef91d384e518816d04
ro:4a14297a5d054ecfad87d48f0ec7c36a,mo:98b932acc5034934b8da8111e8f32700
ro:9145948849064edeac68ae60c6d9948a,mo:044a7c7cb7a84d3fbe9be3e51de07a48
ro:141e6c56c2ad47e8836a4a7f2b71e9b7,mo:3fcc4aa61069416ba11c5c162b644d11
ro:dd90b13fa0a34adc80f226abb2fb4618,mo:61b5adcde50c4e00bd27a16870d9140a
ro:f0726e7200e7433bae1cd2aecf84a432,mo:9bcaeb20b6b74f0eae0d716dc8ecbae8
ro:67419a4a116242fa85040e601bfdc674,mo:b52e04fa8a824eacb8369c8e4293a7a4
ro:ee875498833349b79002ac9f68303f80,mo:7e8cdf37151a498ba2bffe462e6177cf
ro:1b2dc78d4c4f40238ca6e3d29ac95193,mo:d8258378fe0147cab4e65a0001b6534b
ro:8ce55287573843c2a214efc6c5c5e7f7,mo:5ce11017abd64e3e938ee9496a403826
ro:cbca2bd69c834454a7b016e6af2a0c1f,mo:3f313146175147339b9cf45fa01c4139
ro:dd4ced101269483dab9e9cee0541be9b,mo:d2104f02a8244d81a768b0a8d9614455
ro:5c4bfc90e1244256a07472b7f3737d63,mo:d9206fae9f034072ade35a31b821d159
ro:3a909f81a40044b998cea618585c2196,mo:343ca58354994e379a8346edcb332092
ro:ddadef3c2b224ad19586c7ec5e97d0b6,mo:07ced769b9a748a09c33c9d05261e30e
ro:e6fb0cb4f0284b46800cce521cf8738e,mo:eb878c71a32a4cc6afbb9e487ff5aaa2
ro:9d70c4bdb6244b6bb28b0244de00f9f0,mo:19fb99f12bc845b2b82c0547ce41606f
ro:78c75d9f57ae4e30836eba5e7b9e64a2,mo:30740d698fec44f98ee4495a401c63e7
ro:4570569c33a1402896436f27d7959aa2,mo:70305e326c254d15af63a1888fc65069
ro:1b30d9352c244a47bd8e8b57b406ac81,mo:2837c9c773ee418cad6146c399204504
ro:b88b020f959c4be09b7d63686e271255,mo:d67e934c11af44fbadfbc89c8a0b3fdc
ro:5057932894e14cbead2519adda3b4db9,mo:78a2f3cc828e4f79a2d49f4b30bc8c0e
ro:f206f5be70574cb48ca5a4a3eb6c396e,mo:3fb47f41b959449487527b5fdac56477
ro:17bdf0fb3272442cb0cb8f18c9a076c7,mo:23878eec8d434d298ecf58ccd20db673
ro:90573d6ae8c84ed0b44183b517f276b3,mo:a90b9064e78d4299bbbdf60c089659a4
